{"cameraMode":{"drawMode":0,"name":"Shaded","section":"Shading Mode"},"sceneLighting":true,"audioPlay":false,"sceneViewState":{"showFog":true,"showMaterialUpdate":false,"showSkybox":true,"showFlares":true,"showImageEffects":true,"showParticleSystems":true},"in2DMode":false,"pivot":{"x":-0.5023795366287231,"y":7.924382209777832,"z":-5.548353672027588},"rotation":{"x":0.2940024435520172,"y":-0.0229365061968565,"z":0.007057435344904661,"w":0.9555041193962097},"size":0.6736901998519898,"orthographic":false}