{"cameraMode":{"drawMode":0,"name":"Shaded","section":"Shading Mode"},"sceneLighting":true,"audioPlay":false,"sceneViewState":{"showFog":true,"showMaterialUpdate":false,"showSkybox":true,"showFlares":true,"showImageEffects":true,"showParticleSystems":true},"in2DMode":false,"pivot":{"x":3.130889654159546,"y":0.7681872844696045,"z":-2.073946714401245},"rotation":{"x":-0.16200539469718934,"y":0.6006593108177185,"z":-0.12558118999004365,"w":-0.7729880809783936},"size":0.32239824533462527,"orthographic":false}