{"cameraMode":{"drawMode":0,"name":"Shaded","section":"Shading Mode"},"sceneLighting":true,"audioPlay":false,"sceneViewState":{"showFog":true,"showMaterialUpdate":false,"showSkybox":true,"showFlares":true,"showImageEffects":true,"showParticleSystems":true},"in2DMode":false,"pivot":{"x":2.7861084938049318,"y":2.1337690353393556,"z":-0.7043769955635071},"rotation":{"x":-0.35597994923591616,"y":-0.22733162343502046,"z":0.0899726077914238,"w":-0.9021101593971252},"size":4.739353656768799,"orthographic":false}