{"cameraMode":{"drawMode":0,"name":"Shaded","section":"Shading Mode"},"sceneLighting":true,"audioPlay":false,"sceneViewState":{"showFog":true,"showMaterialUpdate":false,"showSkybox":true,"showFlares":true,"showImageEffects":true,"showParticleSystems":true},"in2DMode":false,"pivot":{"x":0.13557150959968568,"y":-0.1788090467453003,"z":0.8194437026977539},"rotation":{"x":-0.29297152161598208,"y":-0.3275095820426941,"z":0.1077226996421814,"w":-0.8919429779052734},"size":3.599820613861084,"orthographic":false}