{"cameraMode":{"drawMode":0,"name":"Shaded","section":"Shading Mode"},"sceneLighting":true,"audioPlay":false,"sceneViewState":{"showFog":true,"showMaterialUpdate":false,"showSkybox":true,"showFlares":true,"showImageEffects":true,"showParticleSystems":true},"in2DMode":false,"pivot":{"x":2.0459940433502199,"y":1.8220714330673218,"z":-0.16875746846199037},"rotation":{"x":-0.22562463581562043,"y":-0.4076984226703644,"z":0.10486731678247452,"w":-0.8787232041358948},"size":8.393582344055176,"orthographic":false}