{"cameraMode":{"drawMode":0,"name":"Shaded","section":"Shading Mode"},"sceneLighting":true,"audioPlay":false,"sceneViewState":{"showFog":true,"showMaterialUpdate":false,"showSkybox":true,"showFlares":true,"showImageEffects":true,"showParticleSystems":true},"in2DMode":false,"pivot":{"x":0.2944357991218567,"y":-5.010391712188721,"z":2.328421115875244},"rotation":{"x":-0.6019396781921387,"y":-0.1214757040143013,"z":0.09362641721963883,"w":-0.783863365650177},"size":9.271530151367188,"orthographic":false}