{"cameraMode":{"drawMode":0,"name":"Shaded","section":"Shading Mode"},"sceneLighting":true,"audioPlay":false,"sceneViewState":{"showFog":true,"showMaterialUpdate":false,"showSkybox":true,"showFlares":true,"showImageEffects":true,"showParticleSystems":true},"in2DMode":false,"pivot":{"x":0.4320102035999298,"y":-0.0758213922381401,"z":0.7439298629760742},"rotation":{"x":-0.2800023555755615,"y":-0.2006010264158249,"z":0.06012405827641487,"w":-0.9370263814926148},"size":17.18413543701172,"orthographic":false}