{"cameraMode":{"drawMode":0,"name":"Shaded","section":"Shading Mode"},"sceneLighting":true,"audioPlay":false,"sceneViewState":{"showFog":true,"showMaterialUpdate":false,"showSkybox":true,"showFlares":true,"showImageEffects":true,"showParticleSystems":true},"in2DMode":false,"pivot":{"x":1.141593337059021,"y":6.022741317749023,"z":-1.6205288171768189},"rotation":{"x":-0.2516711950302124,"y":-0.17828384041786195,"z":0.04724898561835289,"w":-0.9502450227737427},"size":2.8788375854492189,"orthographic":false}
